{
  "test_rmse": 0.012016265101416675,
  "test_rmse_pct": 1.2016265101416674,
  "price_rmse": 944.3225999391033
}