{
  "test_rmse": 0.009048271543244831,
  "test_rmse_pct": 0.9048271543244831,
  "price_rmse": 1.6496890309346905
}