{
  "test_rmse": 0.004366830715252887,
  "test_rmse_pct": 0.4366830715252887,
  "price_rmse": 439.95104388111514
}