{
  "test_rmse": 0.00436847025133185,
  "test_rmse_pct": 0.43684702513318496,
  "price_rmse": 441.70051468906473
}