{
  "test_rmse": 0.008916383845475946,
  "test_rmse_pct": 0.8916383845475946,
  "price_rmse": 1.6268212693269761
}