{
  "timestamp": "2025-10-26T23:14:58.188825",
  "assets": {
    "BTC": {
      "current_price": 114987.5078125,
      "24h": 113397.2474876101,
      "48h": 111838.71827817798,
      "7d": 104361.23921852997,
      "week_change_pct": -9.181778959658349,
      "week_high": 114912.22578800842,
      "week_low": 104361.23921852997,
      "trend": "\u27a1\ufe0f NEUTRAL",
      "confidence_pct": 99.84654998779297
    },
    "ETH": {
      "current_price": 4207.51806640625,
      "24h": 4370.124851776401,
      "48h": 4539.011534636752,
      "7d": 5486.565427419164,
      "week_change_pct": 30.19323323610722,
      "week_high": 5486.565427419164,
      "week_low": 4214.170960382558,
      "trend": "\u27a1\ufe0f NEUTRAL",
      "confidence_pct": 99.77792358398438
    },
    "SOL": {
      "current_price": 204.0369415283203,
      "24h": 222.5210938646237,
      "48h": 242.6801695023539,
      "7d": 374.4091500562566,
      "week_change_pct": 82.83882951777646,
      "week_high": 374.4091500562566,
      "week_low": 204.7755124246487,
      "trend": "\u27a1\ufe0f NEUTRAL",
      "confidence_pct": 99.41901397705078
    }
  }
}