{
  "timestamp": "2025-10-26T23:24:35.863135",
  "assets": {
    "BTC": {
      "current_price": 114987.5078125,
      "1h": 114912.22578800842,
      "12h": 114184.76043691122,
      "24h": 113397.2474876101,
      "final": 113397.2474876101,
      "change_pct": -1.3183786929627221,
      "high": 114912.22578800842,
      "low": 113397.2474876101,
      "trend": "\u27a1\ufe0f NEUTRAL",
      "confidence_pct": 99.84093475341797
    },
    "ETH": {
      "current_price": 4207.51806640625,
      "1h": 4214.170960382558,
      "12h": 4288.0507536991845,
      "24h": 4370.124851776401,
      "final": 4370.124851776401,
      "change_pct": 3.7007015818761397,
      "high": 4370.124851776401,
      "low": 4214.170960382558,
      "trend": "\u27a1\ufe0f NEUTRAL",
      "confidence_pct": 99.7779312133789
    },
    "SOL": {
      "current_price": 204.0369415283203,
      "1h": 204.7755124246487,
      "12h": 213.07866628265083,
      "24h": 222.5210938646237,
      "final": 222.5210938646237,
      "change_pct": 8.665870850404957,
      "high": 222.5210938646237,
      "low": 204.7755124246487,
      "trend": "\u27a1\ufe0f NEUTRAL",
      "confidence_pct": 99.41898345947266
    }
  }
}