{
  "test_rmse": 0.010042054969008105,
  "test_rmse_pct": 1.0042054969008105,
  "price_rmse": 30.985447957156918
}