{
  "test_rmse": 0.007413734501688488,
  "test_rmse_pct": 0.7413734501688487,
  "price_rmse": 596.657137863161
}