{
  "genome": [
    5.0,
    0.1,
    0.0001,
    6.283185307179586
  ],
  "timestamp": "2025-11-03T18:43:55.197559",
  "environments": {
    "standard": {
      "fitness": 20433.266044241183,
      "timesteps": 100
    },
    "gentle": {
      "fitness": 28118.92188949918,
      "timesteps": 100
    },
    "harsh": {
      "fitness": 465.43756759948013,
      "timesteps": 100
    },
    "chaotic": {
      "fitness": 13880.682723157162,
      "timesteps": 100
    },
    "oscillating": {
      "fitness": 19511.644766910173,
      "timesteps": 100
    },
    "unstable": {
      "fitness": 20310.735687418233,
      "timesteps": 100
    },
    "extreme": {
      "fitness": 26998.083621770867,
      "timesteps": 100
    },
    "mixed": {
      "fitness": 17670.15188632849,
      "timesteps": 100
    }
  },
  "statistics": {
    "min": 465.43756759948013,
    "max": 28118.92188949918,
    "mean": 18423.615523365595,
    "median": 19911.190227164203,
    "std": 8062.306551467675,
    "range": 27653.484321899698
  }
}