{
  "best_genome": [
    5.0,
    0.28732657015740787,
    0.00012631065435003168,
    6.218208726741702
  ],
  "best_fitness": 33986.50324427164,
  "population": [
    [
      5.0,
      0.30022424556222943,
      0.00010222848900131757,
      6.218208726741702
    ],
    [
      5.0,
      0.1985797439372734,
      0.00010879722713854103,
      6.218208726741702
    ],
    [
      5.0,
      0.2273445033692147,
      0.0001,
      6.218208726741702
    ],
    [
      1.1984822765961876,
      2.2491898117177156,
      0.011978961342948628,
      0.2497271736040371
    ],
    [
      5.0,
      0.24822091130962248,
      0.00010879722713854103,
      6.24657771136538
    ],
    [
      1.3340334687731357,
      0.9668965576513725,
      0.017332755239564155,
      1.3742565149258847
    ],
    [
      5.0,
      0.1985797439372734,
      0.00010879722713854103,
      6.218208726741702
    ],
    [
      1.1966202485933892,
      2.1930131760411595,
      0.013470449805317333,
      5.812778554220928
    ],
    [
      5.0,
      0.24822091130962248,
      0.00010222848900131757,
      6.218208726741702
    ],
    [
      5.0,
      0.28732657015740787,
      0.00010879722713854103,
      6.218208726741702
    ],
    [
      5.0,
      0.23819205397194262,
      0.00010498502634064523,
      6.218208726741702
    ],
    [
      5.0,
      0.28732657015740787,
      0.00012631065435003168,
      6.218208726741702
    ],
    [
      1.2022455068145361,
      0.6577403910614882,
      0.011305238790911432,
      4.355133701642202
    ],
    [
      5.0,
      0.24085756310100442,
      0.00010879722713854103,
      6.24657771136538
    ],
    [
      5.0,
      0.24085756310100442,
      0.00010879722713854103,
      6.24657771136538
    ],
    [
      5.0,
      0.28732657015740787,
      0.00010879722713854103,
      6.24657771136538
    ],
    [
      5.0,
      0.274664930641682,
      0.0001,
      6.1958765141512115
    ],
    [
      5.0,
      0.30022424556222943,
      0.00010222848900131757,
      6.218208726741702
    ],
    [
      5.0,
      0.30022424556222943,
      0.0001,
      6.218208726741702
    ],
    [
      5.0,
      0.24085756310100442,
      0.00010879722713854103,
      6.24657771136538
    ],
    [
      5.0,
      0.2692501581518553,
      0.0001,
      6.24657771136538
    ],
    [
      5.0,
      0.23819205397194262,
      0.0001019248388149266,
      6.218208726741702
    ],
    [
      5.0,
      0.24085756310100442,
      0.00010879722713854103,
      6.24657771136538
    ],
    [
      5.0,
      0.2692501581518553,
      0.0001,
      6.24657771136538
    ],
    [
      5.0,
      0.24085756310100442,
      0.00010879722713854103,
      6.24657771136538
    ],
    [
      5.0,
      0.2273445033692147,
      0.00010879722713854103,
      6.218208726741702
    ],
    [
      5.0,
      0.2273445033692147,
      0.00010879722713854103,
      6.218208726741702
    ],
    [
      5.0,
      0.1985797439372734,
      0.0001235956355487147,
      6.218208726741702
    ],
    [
      5.0,
      0.23819205397194262,
      0.00010879722713854103,
      6.24657771136538
    ],
    [
      5.0,
      0.29891622762218983,
      0.00010879722713854103,
      6.24657771136538
    ],
    [
      5.0,
      0.1985797439372734,
      0.0001011313416505986,
      6.218208726741702
    ],
    [
      5.0,
      0.23819205397194262,
      0.00010222848900131757,
      6.218208726741702
    ],
    [
      5.0,
      0.2692501581518553,
      0.0001,
      6.24657771136538
    ],
    [
      5.0,
      0.28732657015740787,
      0.00012631065435003168,
      6.218208726741702
    ],
    [
      5.0,
      0.2273445033692147,
      0.00010879722713854103,
      6.218208726741702
    ],
    [
      5.0,
      0.24822091130962248,
      0.00010879722713854103,
      6.24657771136538
    ],
    [
      5.0,
      0.30022424556222943,
      0.00010879722713854103,
      6.218208726741702
    ],
    [
      5.0,
      0.2273445033692147,
      0.00010879722713854103,
      6.218208726741702
    ],
    [
      5.0,
      0.1985797439372734,
      0.00010879722713854103,
      6.218208726741702
    ],
    [
      5.0,
      0.1985797439372734,
      0.0001235956355487147,
      6.218208726741702
    ],
    [
      5.0,
      0.24822091130962248,
      0.00010879722713854103,
      6.218208726741702
    ],
    [
      5.0,
      0.28635039155040865,
      0.0001,
      6.218208726741702
    ],
    [
      5.0,
      0.23819205397194262,
      0.00010879722713854103,
      6.218208726741702
    ],
    [
      5.0,
      0.2692501581518553,
      0.0001,
      6.24657771136538
    ],
    [
      5.0,
      0.24822091130962248,
      0.0001,
      6.218208726741702
    ],
    [
      5.0,
      0.30022424556222943,
      0.00010879722713854103,
      6.218208726741702
    ],
    [
      5.0,
      0.30022424556222943,
      0.0001,
      6.218208726741702
    ],
    [
      5.0,
      0.2780936226475085,
      0.00010408821509734884,
      6.218208726741702
    ],
    [
      5.0,
      0.24822091130962248,
      0.00010879722713854103,
      6.24657771136538
    ],
    [
      5.0,
      0.24085756310100442,
      0.00010879722713854103,
      6.24657771136538
    ],
    [
      5.0,
      0.23819205397194262,
      0.00010222848900131757,
      6.218208726741702
    ],
    [
      5.0,
      0.2273445033692147,
      0.00010879722713854103,
      6.218208726741702
    ],
    [
      5.0,
      0.1985797439372734,
      0.00010879722713854103,
      6.218208726741702
    ],
    [
      5.0,
      0.24085756310100442,
      0.00010879722713854103,
      6.218208726741702
    ],
    [
      5.0,
      0.1985797439372734,
      0.0001,
      6.218208726741702
    ],
    [
      5.0,
      0.24085756310100442,
      0.00010879722713854103,
      6.24657771136538
    ],
    [
      5.0,
      0.2692501581518553,
      0.0001,
      6.24657771136538
    ],
    [
      5.0,
      0.2817996119718181,
      0.0001,
      6.218208726741702
    ],
    [
      5.0,
      0.1985797439372734,
      0.00010879722713854103,
      6.218208726741702
    ],
    [
      5.0,
      0.2273445033692147,
      0.00010879722713854103,
      6.218208726741702
    ]
  ],
  "fitnesses": [
    0.12535981209888117,
    0.2005349567303068,
    0.2212272239064611,
    2.130727530698181,
    13.90036421394221,
    52.56326703200286,
    1885.1271397722758,
    4779.420612210095,
    9995.751309877942,
    12970.969315675837,
    13109.506825591994,
    13193.678519845416,
    13387.306275464805,
    13761.710706176438,
    13955.568181172466,
    14019.078761806468,
    14261.794570872,
    14735.429672849736,
    14812.664083509875,
    14854.72463793951,
    15361.551443565344,
    15881.728344337072,
    16170.57755606011,
    16352.636325427977,
    16590.541543032476,
    16648.87564753826,
    16992.86734802065,
    17127.177649015193,
    17262.195673949012,
    17559.920428209924,
    17785.21960504026,
    18030.141768042035,
    18100.567858850638,
    18408.129638364728,
    18690.871954706334,
    18933.20640562242,
    19172.73972407376,
    19457.34093112362,
    20021.256914934933,
    20063.02972275533,
    20651.6326781558,
    20799.689557180285,
    20803.199074915563,
    20902.144313754176,
    21383.463581961863,
    21775.61957707443,
    21923.49780791929,
    22033.88067532122,
    23159.876157018633,
    23308.86633304583,
    23500.8092477072,
    23512.568434214794,
    24131.51487180018,
    24226.071346967696,
    24252.193216574287,
    24308.040475044854,
    25578.298756477838,
    25709.88830064335,
    26268.325357487978,
    27780.84079608008
  ],