{
  "timestamp": "20251102_165844",
  "champion_genome": [
    3.0,
    0.1,
    0.005,
    0.1842
  ],
  "champion_results": {
    "standard": {
      "mean": 197251677162268.38,
      "std": 992868958469347.9,
      "median": -1.9285070197459124e-22
    },
    "harsh": {
      "mean": 70405091587.39558,
      "std": 2751852989578.968,
      "median": 2.4436827550078704e-05
    },
    "gentle": {
      "mean": 9.793832409801534e+21,
      "std": 6.8510450126047465e+22,
      "median": 9.214759636597352e-08
    },
    "chaotic": {
      "mean": 1.5844495506182698e+24,
      "std": 1.1091146852564722e+25,
      "median": 8.701794478508789e-10
    },
    "oscillating": {
      "mean": -2831034176523936.5,
      "std": 1.9817312151148068e+16,
      "median": -5.0570847866617415e-14
    }
  },
  "specialists": {
    "standard": {
      "best_genome": [
        2.9459849303365853,
        0.12688637103078546,
        0.005,
        0.2995716148648911
      ],
      "best_fitness": 0.009678362868726254
    },
    "harsh": {
      "best_genome": [
        3.0,
        2.0,
        0.005,
        0.5713234361868569
      ],
      "best_fitness": 0.004643888678401709
    },
    "gentle": {
      "best_genome": [
        2.7668252308007886,
        0.18527004082202625,
        0.005,
        0.6797712294521914
      ],
      "best_fitness": 0.013622289523482323
    },
    "chaotic": {
      "best_genome": [
        3.0,
        0.5045112165619304,
        0.005,
        0.41081778695868687
      ],
      "best_fitness": 0.008864011615514755
    },
    "oscillating": {
      "best_genome": [
        3.0,
        1.8126452103358288,
        0.005,
        0.0
      ],
      "best_fitness": 0.008221950381994247
    }
  },
  "generalist_rankings": {
    "champion": {
      "average": 1.6760206824317644e+28,
      "minimum": -4.2753886736373626e+17,
      "genome": [
        3.0,
        0.1,
        0.005,
        0.1842
      ]
    },
    "standard_specialist": {
      "average": 4.137207774507367e+28,
      "minimum": 67558356108814.414,
      "genome": [
        2.9459849303365853,
        0.12688637103078546,
        0.005,
        0.2995716148648911
      ]
    },
    "harsh_specialist": {
      "average": 6.784985669074065e+23,
      "minimum": -13944033074.185955,
      "genome": [
        3.0,
        2.0,
        0.005,
        0.5713234361868569
      ]
    },
    "gentle_specialist": {
      "average": 1.2251732804702605e+17,
      "minimum": 17314873450.335648,
      "genome": [
        2.7668252308007886,
        0.18527004082202625,
        0.005,
        0.6797712294521914
      ]
    },
    "chaotic_specialist": {
      "average": 4.395227859355029e+28,
      "minimum": -13298539649162.309,
      "genome": [
        3.0,
        0.5045112165619304,
        0.005,
        0.41081778695868687
      ]
    },
    "oscillating_specialist": {
      "average": 7.131115463500263e+24,
      "minimum": -319305310987.62,
      "genome": [
        3.0,
        1.8126452103358288,
        0.005,
        0.0
      ]
    }
  }
}