{
  "test_rmse": 0.004517657184969131,
  "test_rmse_pct": 0.45176571849691305,
  "price_rmse": 455.1465637268443
}