{
  "test_rmse": 0.009567839450224828,
  "test_rmse_pct": 0.9567839450224828,
  "price_rmse": 29.522223515239055
}