{
  "test_rmse": 0.00907332905432735,
  "test_rmse_pct": 0.9073329054327349,
  "price_rmse": 27.21279232183829
}