{
  "test_rmse": 0.009295789044277485,
  "test_rmse_pct": 0.9295789044277485,
  "price_rmse": 1.6948166450283215
}