{
  "mu": {
    "max_fitness": 29134.73231983829,
    "max_param": 3.1224489795918364,
    "mean_gradient": 59872.67858916926,
    "max_gradient": 165486.4006697139
  },
  "omega": {
    "max_fitness": 27798.558141890215,
    "max_param": 0.20612244897959187,
    "mean_gradient": 462498.80218883767,
    "max_gradient": 2329941.7885990534
  },
  "d": {
    "max_fitness": 27695.953285238847,
    "max_param": 0.0077775510204081645,
    "mean_gradient": 24748669.977298807,
    "max_gradient": 101161932.57601117
  },
  "phi": {
    "max_fitness": 30809.494156956087,
    "max_param": 3.077478517802246,
    "mean_gradient": 31214.1023685386,
    "max_gradient": 126115.87439003965
  }
}