{
  "test_rmse": 0.004548825360767892,
  "test_rmse_pct": 0.45488253607678925,
  "price_rmse": 366.0893332202541
}