{
  "test_rmse": 0.004426565545577042,
  "test_rmse_pct": 0.44265655455770425,
  "price_rmse": 445.9692302205532
}