{
  "timestamp": "2025-10-27 02:00:00",
  "keywords": {
    "bitcoin": 81,
    "btc": 36,
    "cryptocurrency": 6
  },
  "average": 34.50887573964497,
  "trend_7d": 36.666666666666664
}