{
  "test_rmse": 0.004435276607203605,
  "test_rmse_pct": 0.44352766072036054,
  "price_rmse": 448.45537395909383
}