{
  "test_rmse": 0.004449813484265144,
  "test_rmse_pct": 0.4449813484265144,
  "price_rmse": 448.31142197490476
}