{
  "test_rmse": 0.01014824755006635,
  "test_rmse_pct": 1.014824755006635,
  "price_rmse": 1.6258345722971175
}