{
  "test_rmse": 0.004326671810740409,
  "test_rmse_pct": 0.43266718107404084,
  "price_rmse": 435.905100011646
}