{
  "test_rmse": 0.004195803760647302,
  "test_rmse_pct": 0.4195803760647302,
  "price_rmse": 422.7203582610572
}