{
  "test_rmse": 0.004495958406728822,
  "test_rmse_pct": 0.4495958406728822,
  "price_rmse": 361.8346022911507
}