{
  "timestamp": "20251104_142803",
  "test_lengths": [
    50,
    100,
    150
  ],
  "controllers": [
    "Baseline (No God)",
    "Quantum ML (50-gen trained)",
    "Quantum ML (150-gen trained)",
    "GPT-4 Conservative",
    "GPT-4 Neutral"
  ],
  "results": {
    "Baseline (No God)": {
      "50_gen": {
        "runs": [
          {
            "success": true,
            "final_population": 1000,
            "avg_wealth": 4355.765,
            "total_wealth": 4355765,
            "cooperation_rate": 61.06533236216233,
            "gini": 0.46770433046778237,
            "interventions": 0,
            "score": 43618.71533236216
          },
          {
            "success": true,
            "final_population": 1000,
            "avg_wealth": 4982.171,
            "total_wealth": 4982171,
            "cooperation_rate": 71.54141745948124,
            "gini": 0.42037669622339346,
            "interventions": 0,
            "score": 49893.25141745948
          }
        ],
        "avg_wealth": 4668.968000000001,
        "avg_cooperation": 66.30337491082179,
        "avg_gini": 0.4440405133455879,
        "avg_interventions": 0.0,
        "avg_score": 46755.98337491082,
        "success_rate": 100.0
      },
      "100_gen": {
        "runs": [
          {
            "success": true,
            "final_population": 1000,
            "avg_wealth": 8420.109,
            "total_wealth": 8420109,
            "cooperation_rate": 54.0374716269765,
            "gini": 0.47542295984529437,
            "interventions": 0,
            "score": 84255.12747162697
          },
          {
            "success": true,
            "final_population": 1000,
            "avg_wealth": 11846.061,
            "total_wealth": 11846061,
            "cooperation_rate": 85.91465898510242,
            "gini": 0.38578368193444224,
            "interventions": 0,
            "score": 118546.5246589851
          }
        ],
        "avg_wealth": 10133.085,
        "avg_cooperation": 69.97606530603946,
        "avg_gini": 0.4306033208898683,
        "avg_interventions": 0.0,
        "avg_score": 101400.82606530603,
        "success_rate": 100.0
      },
      "150_gen": {
        "runs": [
          {
            "success": true,
            "final_population": 1000,
            "avg_wealth": 13603.0,
            "total_wealth": 13603000,
            "cooperation_rate": 59.141216353718406,
            "gini": 0.4632566844078514,
            "interventions": 0,
            "score": 136089.14121635372
          },
          {
            "success": true,
            "final_population": 1000,
            "avg_wealth": 14701.087,
            "total_wealth": 14701087,
            "cooperation_rate": 65.82114364972406,
            "gini": 0.44809867426810013,
            "interventions": 0,
            "score": 147076.69114364972
          }
        ],
        "avg_wealth": 14152.0435,
        "avg_cooperation": 62.481180001721235,
        "avg_gini": 0.45567767933797576,
        "avg_interventions": 0.0,
        "avg_score": 141582.91618000172,
        "success_rate": 100.0
      }
    },
    "Quantum ML (50-gen trained)": {
      "50_gen": {
        "runs": [
          {
            "success": true,
            "final_population": 1000,
            "avg_wealth": 4455.631,
            "total_wealth": 4455631,
            "cooperation_rate": 57.964790154917104,
            "gini": 0.44277243492560325,
            "interventions": 5,
            "score": 44614.274790154916
          },
          {
            "success": true,
            "final_population": 1000,
            "avg_wealth": 5217.14,
            "total_wealth": 5217140,
            "cooperation_rate": 74.8112327403906,
            "gini": 0.4259499495892387,
            "interventions": 5,
            "score": 52246.211232740396
          }
        ],
        "avg_wealth": 4836.3855,
        "avg_cooperation": 66.38801144765385,
        "avg_gini": 0.434361192257421,
        "avg_interventions": 5.0,
        "avg_score": 48430.24301144766,
        "success_rate": 100.0
      },
      "100_gen": {
        "runs": [
          {
            "success": true,
            "final_population": 1000,
            "avg_wealth": 11074.8,
            "total_wealth": 11074800,
            "cooperation_rate": 75.97841327335398,
            "gini": 0.4291365631885,
            "interventions": 10,
            "score": 110823.97841327335
          },
          {
            "success": true,
            "final_population": 1000,
            "avg_wealth": 8289.75,
            "total_wealth": 8289750,
            "cooperation_rate": 50.34795993418408,
            "gini": 0.4631863969359753,
            "interventions": 10,
            "score": 82947.84795993418
          }
        ],
        "avg_wealth": 9682.275,
        "avg_cooperation": 63.163186603769034,
        "avg_gini": 0.44616148006223766,
        "avg_interventions": 10.0,
        "avg_score": 96885.91318660376,
        "success_rate": 100.0
      },
      "150_gen": {
        "runs": [
          {
            "success": true,
            "final_population": 994,
            "avg_wealth": 15329.557344064386,
            "total_wealth": 15237580,
            "cooperation_rate": 70.49643257976591,
            "gini": 0.4486389468050931,
            "interventions": 15,
            "score": 152446.29643257975
          },
          {
            "success": true,
            "final_population": 1000,
            "avg_wealth": 16560.414,
            "total_wealth": 16560414,
            "cooperation_rate": 76.85760605241828,
            "gini": 0.41591547844154153,
            "interventions": 15,
            "score": 165680.99760605244
          }
        ],
        "avg_wealth": 15944.985672032193,
        "avg_cooperation": 73.6770193160921,
        "avg_gini": 0.4322772126233173,
        "avg_interventions": 15.0,
        "avg_score": 159063.6470193161,
        "success_rate": 100.0
      }
    },
    "Quantum ML (150-gen trained)": {
      "50_gen": {
        "runs": [
          {
            "success": true,
            "final_population": 1000,
            "avg_wealth": 4611.346,
            "total_wealth": 4611346,
            "cooperation_rate": 60.60781743890217,
            "gini": 0.46289634523195633,
            "interventions": 5,
            "score": 46174.0678174389
          },
          {
            "success": true,
            "final_population": 1000,
            "avg_wealth": 4616.753,
            "total_wealth": 4616753,
            "cooperation_rate": 67.09271400296882,
            "gini": 0.46298642465819606,
            "interventions": 5,
            "score": 46234.622714002966
          }
        ],
        "avg_wealth": 4614.049499999999,
        "avg_cooperation": 63.8502657209355,
        "avg_gini": 0.4629413849450762,
        "avg_interventions": 5.0,
        "avg_score": 46204.345265720935,
        "success_rate": 100.0
      },
      "100_gen": {
        "runs": [
          {
            "success": true,
            "final_population": 1000,
            "avg_wealth": 8155.84,
            "total_wealth": 8155840,
            "cooperation_rate": 50.371226043581,
            "gini": 0.4689731713716798,
            "interventions": 10,
            "score": 81608.77122604358
          },
          {
            "success": true,
            "final_population": 1000,
            "avg_wealth": 8885.752,
            "total_wealth": 8885752,
            "cooperation_rate": 57.22267224867706,
            "gini": 0.47675417432311873,
            "interventions": 10,
            "score": 88914.74267224869
          }
        ],
        "avg_wealth": 8520.796,
        "avg_cooperation": 53.79694914612902,
        "avg_gini": 0.4728636728473993,
        "avg_interventions": 10.0,
        "avg_score": 85261.75694914613,
        "success_rate": 100.0
      },
      "150_gen": {
        "runs": [
          {
            "success": true,