{
  "test_rmse": 0.009999396281525026,
  "test_rmse_pct": 0.9999396281525026,
  "price_rmse": 30.929962867254115
}