{
  "timestamp": "20251108_145051",
  "epochs_trained": 86,
  "best_val_param_loss": 0.001495239344270279,
  "final_val_regime_accuracy": 0.31666666666666665,
  "training_history": {
    "epoch": [
      0,
      1,
      2,
      3,
      4,
      5,
      6,
      7,
      8,
      9,
      10,
      11,
      12,
      13,
      14,
      15,
      16,
      17,
      18,
      19,
      20,
      21,
      22,
      23,
      24,
      25,
      26,
      27,
      28,
      29,
      30,
      31,
      32,
      33,
      34,
      35,
      36,
      37,
      38,
      39,
      40,
      41,
      42,
      43,
      44,
      45,
      46,
      47,
      48,
      49,
      50,
      51,
      52,
      53,
      54,
      55,
      56,
      57,
      58,
      59,
      60,
      61,
      62,
      63,
      64,
      65,
      66,
      67,
      68,
      69,
      70,
      71,
      72,
      73,
      74,
      75,
      76,
      77,
      78,
      79,
      80,
      81,
      82,
      83,
      84,
      85
    ],
    "train_param_loss": [
      0.06074205992500419,
      0.008120145061579735,
      0.004709936384840504,
      0.004277009618185137,
      0.0041925928393459835,
      0.004254611401373278,
      0.004231498060424043,
      0.004993270181686334,
      0.004197032302213104,
      0.004394583576156393,
      0.003918669966009,
      0.003663744655964167,
      0.004379088717067371,
      0.004434840733428364,
      0.00434949161970745,
      0.004481282044687997,
      0.0042968663771677275,
      0.004271546975992944,
      0.00427971556580261,
      0.0041072121315190325,
      0.0038444566459435482,
      0.004056298032241023,
      0.004205189665536518,
      0.0039156623407388515,
      0.003692440587379362,
      0.003542986870540873,
      0.00350304683872863,
      0.0033732526024560566,
      0.0031157093952693367,
      0.003152208503983591,
      0.0029083906784248743,
      0.00289802347390872,
      0.0028375568749059153,
      0.0028939707832329946,
      0.0031860812627912865,
      0.003586328780764471,
      0.0030946845603782845,
      0.003937176094673898,
      0.0042053226422032585,
      0.003271241034583553,
      0.0032599662815261145,
      0.0031031424321396194,
      0.003435675105403947,
      0.002938316608576671,
      0.0029177600619099712,
      0.0027322522668248935,
      0.002665217991148972,
      0.002740430827859951,
      0.0028411733624322906,
      0.0026120086929396443,
      0.002552627616197519,
      0.0025140781603429628,
      0.00238297735442124,
      0.0023731961795736265,
      0.0023837253684177995,
      0.0023147804692954473,
      0.002419286397407236,
      0.0022741627687102427,
      0.002178089926019311,
      0.002220436859794933,
      0.002235234952936678,
      0.002062049117344229,
      0.0019775895432204657,
      0.0020171484262075114,
      0.001979146911965116,
      0.0020465011121300254,
      0.0017860457199909117,
      0.0020359205183289623,
      0.0023711134740353927,
      0.0032607017378525243,
      0.0033798758952837925,
      0.002997719399307085,
      0.0033980180084219446,
      0.003215701501492573,
      0.0032149520702660084,
      0.0029097066422843413,
      0.0026397142893351292,
      0.002495208491935678,
      0.0026090894724525833,
      0.0029909318292756443,
      0.003178922945390577,
      0.0031247650748928604,
      0.002729176270330082,
      0.0027533297163798757,
      0.002597059467402489,
      0.002783812309169899
    ],
    "train_regime_loss": [
      1.1038705888001814,
      1.0930794995764028,
      1.057331261427506,
      1.0453694307285806,
      1.1391661840936411,
      1.039172491301661,
      1.1907518376474795,
      1.2645791147066199,
      1.0261075885399529,
      1.2664264129555745,
      1.1027427730352983,
      0.8695107024648915,
      1.1340917633927388,
      1.0909402940584265,
      1.0910355319147524,
      1.1035935049471648,
      1.0956279402193816,
      1.110075971354609,
      1.100584372230198,
      1.1069004587505176,
      1.1049612242242564,
      1.101392818533856,
      1.1090652890827344,
      1.1009849828222524,
      1.1011421369469685,
      1.1052933361219324,
      1.1043299540229465,
      1.1008365517077239,
      1.0936631482580434,
      1.1024859314379485,
      1.0982308128605718,
      1.0966663256935452,
      1.099818431812784,
      1.0959379258363142,
      1.1029392066209212,
      1.1002964973449707,
      1.092820696208788,
      1.1100967137709907,
      1.0998460987339849,
      1.0995560521664827,
      1.0964926533077075,
      1.0970976508182029,
      1.0992097388143125,
      1.0970892439717832,
      1.0999893416529116,
      1.1026543793470964,
      1.0999181477919868,
      1.0970931519632754,
      1.1005178067995154,
      1.0988476276397705,
      1.098807780638985,
      1.098593452702398,
      1.098789904428565,
      1.098868271578913,
      1.0985340035480002,
      1.0989305143770964,
      1.098686492961386,
      1.0988002289896426,
      1.09891198510709,
      1.0991024815517922,
      1.0984984014345252,
      1.0986568253973257,
      1.0990524706633196,
      1.0986546329830005,
      1.0984744248182878,
      1.0984521948772927,
      1.0973587606264197,
      1.09639529041622,
      1.0940519312153691,
      1.0933528983074685,
      1.101540824641352,
      1.0978722105855527,
      1.1043793584989465,
      1.0987166840097178,
      1.0989353656768799,
      1.098968101584393,
      1.1034670238909514,
      1.0991627496221792,
      1.0956992688386336,
      1.1015259597612463,
      1.1070905405542124,
      1.1001119043516077,
      1.0997637873110564,
      1.1024822359499724,
      1.0990072696105293,
      1.0985709739767986
    ],